<?xml version='1.0' encoding='utf-8'?>
<data>
  <row>
    <Title>Apartamento T1 em Meadela</Title>
    <Price>220.000€</Price>
    <Location>Viana do Castelo e Meadela</Location>
    <tX>T1</tX>
    <Area>99</Area>
    <ImageURL>https://img4.idealista.pt/blur/480_360_mq/0/id.pro.pt.image.master/f6/b8/a6/295463268.jpg</ImageURL>
  </row>
  <row>
    <Title>Moradia em banda em Santa Maria Maior</Title>
    <Price>369.000€</Price>
    <Location>Viana do Castelo e Meadela</Location>
    <tX>T2</tX>
    <Area>186</Area>
    <ImageURL>https://img4.idealista.pt/blur/480_360_mq/0/id.pro.pt.image.master/4e/61/78/276418166.jpg</ImageURL>
  </row>
  <row>
    <Title>Moradia em Castelo do Neiva</Title>
    <Price>252.000€</Price>
    <Location>Viana do Castelo</Location>
    <tX>T3</tX>
    <Area>134</Area>
    <ImageURL>https://img4.idealista.pt/blur/480_360_mq/0/id.pro.pt.image.master/15/b1/5d/259604714.jpg</ImageURL>
  </row>
  <row>
    <Title>Apartamento T3 em Chafé</Title>
    <Price>199.000€</Price>
    <Location>Viana do Castelo</Location>
    <tX>T3</tX>
    <Area>118</Area>
    <ImageURL>https://img4.idealista.pt/blur/480_360_mq/0/id.pro.pt.image.master/2e/b6/9d/293790879.jpg</ImageURL>
  </row>
  <row>
    <Title>Moradia em Vila Franca</Title>
    <Price>585.000€</Price>
    <Location>Viana do Castelo</Location>
    <tX>T5</tX>
    <Area>323</Area>
    <ImageURL>https://img4.idealista.pt/blur/480_360_mq/0/id.pro.pt.image.master/db/5a/6c/237603627.jpg</ImageURL>
  </row>
  <row>
    <Title>Moradia em Darque</Title>
    <Price>229.000€</Price>
    <Location>Viana do Castelo</Location>
    <tX>T3</tX>
    <Area>161</Area>
    <ImageURL>https://img4.idealista.pt/blur/480_360_mq/0/id.pro.pt.image.master/97/d2/25/240584646.jpg</ImageURL>
  </row>
  <row>
    <Title>Apartamento T3 em Monserrate</Title>
    <Price>299.000€</Price>
    <Location>Viana do Castelo e Meadela</Location>
    <tX>T3</tX>
    <Area>125</Area>
    <ImageURL>https://img4.idealista.pt/blur/480_360_mq/0/id.pro.pt.image.master/3b/06/75/291997409.jpg</ImageURL>
  </row>
  <row>
    <Title>Moradia independente em Monserrate</Title>
    <Price>1.120.000€</Price>
    <Location>Viana do Castelo e Meadela</Location>
    <tX>T3</tX>
    <Area>387</Area>
    <ImageURL>https://img4.idealista.pt/blur/480_360_mq/0/id.pro.pt.image.master/85/07/70/284375911.jpg</ImageURL>
  </row>
  <row>
    <Title>Apartamento T3 em Meadela</Title>
    <Price>237.500€</Price>
    <Location>Viana do Castelo e Meadela</Location>
    <tX>T3</tX>
    <Area>100</Area>
    <ImageURL>https://img4.idealista.pt/blur/480_360_mq/0/id.pro.pt.image.master/32/92/93/293594019.jpg</ImageURL>
  </row>
  <row>
    <Title>Apartamento T2 na Rua Julio Evangelista</Title>
    <Price>485.000€</Price>
    <Location>Meadela, Viana do Castelo e Meadela</Location>
    <tX>T2</tX>
    <Area>110</Area>
    <ImageURL>https://img4.idealista.pt/blur/480_360_mq/0/id.pro.pt.image.master/93/d4/3a/289670186.jpg</ImageURL>
  </row>
  <row>
    <Title>Apartamento T2 em Centro Histórico</Title>
    <Price>269.000€</Price>
    <Location>Viana do Castelo e Meadela</Location>
    <tX>T2</tX>
    <Area>67</Area>
    <ImageURL>https://img4.idealista.pt/blur/480_360_mq/0/id.pro.pt.image.master/91/98/51/267240328.jpg</ImageURL>
  </row>
  <row>
    <Title>Moradia em Chafé</Title>
    <Price>390.000€</Price>
    <Location>Viana do Castelo</Location>
    <tX>T3</tX>
    <Area>256</Area>
    <ImageURL>https://img4.idealista.pt/blur/480_360_mq/0/id.pro.pt.image.master/47/d5/0f/291211681.jpg</ImageURL>
  </row>
  <row>
    <Title>Moradia em Centro Histórico</Title>
    <Price>775.000€</Price>
    <Location>Viana do Castelo e Meadela</Location>
    <tX>T4</tX>
    <Area>234</Area>
    <ImageURL>https://img4.idealista.pt/blur/480_360_mq/0/id.pro.pt.image.master/63/c7/99/281132437.jpg</ImageURL>
  </row>
  <row>
    <Title>Moradia independente em Geraz do Lima e Deão</Title>
    <Price>460.000€</Price>
    <Location>Viana do Castelo</Location>
    <tX>T4</tX>
    <Area>360</Area>
    <ImageURL>https://img4.idealista.pt/blur/480_360_mq/0/id.pro.pt.image.master/03/55/3e/295898425.jpg</ImageURL>
  </row>
  <row>
    <Title>Apartamento T1 em Centro Histórico</Title>
    <Price>240.000€</Price>
    <Location>Viana do Castelo e Meadela</Location>
    <tX>T1</tX>
    <Area>49</Area>
    <ImageURL>https://img4.idealista.pt/blur/480_360_mq/0/id.pro.pt.image.master/a4/7b/d9/273980780.jpg</ImageURL>
  </row>
  <row>
    <Title>Moradia independente em Alvarães</Title>
    <Price>658.000€</Price>
    <Location>Viana do Castelo</Location>
    <tX>T3</tX>
    <Area>305</Area>
    <ImageURL>https://img4.idealista.pt/blur/480_360_mq/0/id.pro.pt.image.master/1d/e8/6c/286879464.jpg</ImageURL>
  </row>
  <row>
    <Title>Apartamento T2 em Santa Maria Maior</Title>
    <Price>380.000€</Price>
    <Location>Viana do Castelo e Meadela</Location>
    <tX>T2</tX>
    <Area>144</Area>
    <ImageURL>https://img4.idealista.pt/blur/480_360_mq/0/id.pro.pt.image.master/bf/c5/0a/294843368.jpg</ImageURL>
  </row>
  <row>
    <Title>Moradia em Centro Histórico</Title>
    <Price>300.000€</Price>
    <Location>Viana do Castelo e Meadela</Location>
    <tX>T2</tX>
    <Area>116</Area>
    <ImageURL>https://img4.idealista.pt/blur/480_360_mq/0/id.pro.pt.image.master/91/01/b7/287726641.jpg</ImageURL>
  </row>
  <row>
    <Title>Moradia em Carreço</Title>
    <Price>1.195.000€</Price>
    <Location>Viana do Castelo</Location>
    <tX>T3</tX>
    <Area>1</Area>
    <ImageURL>https://img4.idealista.pt/blur/480_360_mq/0/id.pro.pt.image.master/47/c0/97/243535660.jpg</ImageURL>
  </row>
  <row>
    <Title>Moradia em Mazarefes e Vila Fria</Title>
    <Price>430.000€</Price>
    <Location>Viana do Castelo</Location>
    <tX>T4</tX>
    <Area>643</Area>
    <ImageURL>https://img4.idealista.pt/blur/480_360_mq/0/id.pro.pt.image.master/97/91/19/251535520.jpg</ImageURL>
  </row>
  <row>
    <Title>Moradia em Afife</Title>
    <Price>240.000€</Price>
    <Location>Viana do Castelo</Location>
    <tX>T2</tX>
    <Area>1</Area>
    <ImageURL>https://img4.idealista.pt/blur/480_360_mq/0/id.pro.pt.image.master/db/6b/55/280352715.jpg</ImageURL>
  </row>
  <row>
    <Title>Moradia em Vila Nova de Anha</Title>
    <Price>490.000€</Price>
    <Location>Viana do Castelo</Location>
    <tX>T6</tX>
    <Area>566</Area>
    <ImageURL>https://img4.idealista.pt/blur/480_360_mq/0/id.pro.pt.image.master/5a/00/e7/275567546.jpg</ImageURL>
  </row>
  <row>
    <Title>Moradia em Vila de Punhe</Title>
    <Price>160.000€</Price>
    <Location>Viana do Castelo</Location>
    <tX>T2</tX>
    <Area>71</Area>
    <ImageURL>https://img4.idealista.pt/blur/480_360_mq/0/id.pro.pt.image.master/0c/e7/40/242988461.jpg</ImageURL>
  </row>
  <row>
    <Title>Moradia em Areosa</Title>
    <Price>345.000€</Price>
    <Location>Viana do Castelo</Location>
    <tX>T5</tX>
    <Area>180</Area>
    <ImageURL>https://img4.idealista.pt/blur/480_360_mq/0/id.pro.pt.image.master/bf/6e/e1/289768452.jpg</ImageURL>
  </row>
  <row>
    <Title>Apartamento T2 em Meadela</Title>
    <Price>205.000€</Price>
    <Location>Viana do Castelo e Meadela</Location>
    <tX>T2</tX>
    <Area>90</Area>
    <ImageURL>https://img4.idealista.pt/blur/480_360_mq/0/id.pro.pt.image.master/98/3d/a3/290106953.jpg</ImageURL>
  </row>
  <row>
    <Title>Moradia em Cardielos e Serreleis</Title>
    <Price>266.500€</Price>
    <Location>Viana do Castelo</Location>
    <tX>T4</tX>
    <Area>527</Area>
    <ImageURL>https://img4.idealista.pt/blur/480_360_mq/0/id.pro.pt.image.master/28/18/50/287192983.jpg</ImageURL>
  </row>
  <row>
    <Title>Moradia em Santa Marta de Portuzelo</Title>
    <Price>240.000€</Price>
    <Location>Viana do Castelo</Location>
    <tX>T2</tX>
    <Area>105</Area>
    <ImageURL>https://img4.idealista.pt/blur/480_360_mq/0/id.pro.pt.image.master/77/39/41/290230835.jpg</ImageURL>
  </row>
  <row>
    <Title>Apartamento T4 em Santa Maria Maior</Title>
    <Price>450.000€</Price>
    <Location>Viana do Castelo e Meadela</Location>
    <tX>T4</tX>
    <Area>163</Area>
    <ImageURL>https://img4.idealista.pt/blur/480_360_mq/0/id.pro.pt.image.master/5b/77/32/282983940.jpg</ImageURL>
  </row>
  <row>
    <Title>Moradia em Barroselas e Carvoeiro</Title>
    <Price>250.000€</Price>
    <Location>Viana do Castelo</Location>
    <tX>T3</tX>
    <Area>609</Area>
    <ImageURL>https://img4.idealista.pt/blur/480_360_mq/0/id.pro.pt.image.master/22/cb/6d/290106916.jpg</ImageURL>
  </row>
  <row>
    <Title>Moradia em Areosa</Title>
    <Price>750.000€</Price>
    <Location>Viana do Castelo</Location>
    <tX>T7</tX>
    <Area>256</Area>
    <ImageURL>https://img4.idealista.pt/blur/480_360_mq/0/id.pro.pt.image.master/cd/ed/65/293018491.jpg</ImageURL>
  </row>
  <row>
    <Title>Penthouse na Rua Júlio Envangelista</Title>
    <Price>895.000€</Price>
    <Location>s/n, Meadela, Viana do Castelo e Meadela</Location>
    <tX>T3</tX>
    <Area>292</Area>
    <ImageURL>https://img4.idealista.pt/blur/480_360_mq/0/id.pro.pt.image.master/1e/18/b9/283915214.jpg</ImageURL>
  </row>
  <row>
    <Title>Moradia independente na Rua da Formigosa</Title>
    <Price>259.000€</Price>
    <Location>22, Barroselas e Carvoeiro, Viana do Castelo</Location>
    <tX>T3</tX>
    <Area>201</Area>
    <ImageURL>https://img4.idealista.pt/blur/480_360_mq/0/id.pro.pt.image.master/bb/29/d2/298525943.jpg</ImageURL>
  </row>
  <row>
    <Title>Apartamento T4 na Rua André Padilha</Title>
    <Price>332.000€</Price>
    <Location>Santa Maria Maior, Viana do Castelo e Meadela</Location>
    <tX>T4</tX>
    <Area>232</Area>
    <ImageURL>https://img4.idealista.pt/blur/480_360_mq/0/id.pro.pt.image.master/c4/09/33/293740061.jpg</ImageURL>
  </row>
  <row>
    <Title>Andar de moradia na Rua da Parinheira</Title>
    <Price>249.950€</Price>
    <Location>273, Areosa, Viana do Castelo</Location>
    <tX>T4</tX>
    <Area>115</Area>
    <ImageURL>https://img4.idealista.pt/blur/480_360_mq/0/id.pro.pt.image.master/55/2b/43/298438591.jpg</ImageURL>
  </row>
  <row>
    <Title>Moradia independente na Rua São Sebastião</Title>
    <Price>320.000€</Price>
    <Location>Barroselas e Carvoeiro, Viana do Castelo</Location>
    <tX>T4</tX>
    <Area>274</Area>
    <ImageURL>https://img4.idealista.pt/blur/480_360_mq/0/id.pro.pt.image.master/d0/d7/51/298216778.jpg</ImageURL>
  </row>
  <row>
    <Title>Apartamento T1 na Praceta Praia do Rodanho</Title>
    <Price>239.000€</Price>
    <Location>s/n, Vila Nova de Anha, Viana do Castelo</Location>
    <tX>T1</tX>
    <Area>67</Area>
    <ImageURL>https://img4.idealista.pt/blur/480_360_mq/0/id.pro.pt.image.master/8b/b7/df/295542454.jpg</ImageURL>
  </row>
  <row>
    <Title>Apartamento T2 na Rua do Futuro</Title>
    <Price>249.000€</Price>
    <Location>119, Areosa, Viana do Castelo</Location>
    <tX>T2</tX>
    <Area>114</Area>
    <ImageURL>https://img4.idealista.pt/blur/480_360_mq/0/id.pro.pt.image.master/fd/f8/e3/293413430.jpg</ImageURL>
  </row>
  <row>
    <Title>Moradia geminada na Rua da Alegria</Title>
    <Price>269.000€</Price>
    <Location>Areosa, Viana do Castelo</Location>
    <tX>T2</tX>
    <Area>81</Area>
    <ImageURL>https://img4.idealista.pt/blur/480_360_mq/0/id.pro.pt.image.master/2c/02/e5/298410452.jpg</ImageURL>
  </row>
  <row>
    <Title>Apartamento T2 na Rua do Poço</Title>
    <Price>269.000€</Price>
    <Location>Centro Histórico, Viana do Castelo e Meadela</Location>
    <tX>T2</tX>
    <Area>102</Area>
    <ImageURL>https://img4.idealista.pt/blur/480_360_mq/0/id.pro.pt.image.master/b6/b2/9c/292424573.jpg</ImageURL>
  </row>
  <row>
    <Title>Moradia independente na Rua da Bela Vista</Title>
    <Price>1.400.000€</Price>
    <Location>Areosa, Viana do Castelo</Location>
    <tX>T4</tX>
    <Area>480</Area>
    <ImageURL>https://img4.idealista.pt/blur/480_360_mq/0/id.pro.pt.image.master/28/a0/72/294134723.jpg</ImageURL>
  </row>
  <row>
    <Title>Apartamento T3 na Avenida 2 de Fevereiro</Title>
    <Price>320.000€</Price>
    <Location>Areosa, Viana do Castelo</Location>
    <tX>T3</tX>
    <Area>97</Area>
    <ImageURL>https://img4.idealista.pt/blur/480_360_mq/0/id.pro.pt.image.master/54/d4/da/290816242.jpg</ImageURL>
  </row>
  <row>
    <Title>Moradia independente em Vila Nova de Anha</Title>
    <Price>450.000€</Price>
    <Location>Viana do Castelo</Location>
    <tX>T3</tX>
    <Area>376</Area>
    <ImageURL>https://img4.idealista.pt/blur/480_360_mq/0/id.pro.pt.image.master/cb/2b/a5/297017217.jpg</ImageURL>
  </row>
  <row>
    <Title>Andar de moradia em Barroselas e Carvoeiro</Title>
    <Price>235.000€</Price>
    <Location>Viana do Castelo</Location>
    <tX>T2</tX>
    <Area>109</Area>
    <ImageURL>https://img4.idealista.pt/blur/480_360_mq/0/id.pro.pt.image.master/60/1e/77/297513650.jpg</ImageURL>
  </row>
  <row>
    <Title>Apartamento T3 na Rua Artur Castro</Title>
    <Price>327.700€</Price>
    <Location>53, Santa Maria Maior, Viana do Castelo e Meadela</Location>
    <tX>T3</tX>
    <Area>150</Area>
    <ImageURL>https://img4.idealista.pt/blur/480_360_mq/0/id.pro.pt.image.master/37/02/89/298216874.jpg</ImageURL>
  </row>
  <row>
    <Title>Apartamento T3 em Darque</Title>
    <Price>182.000€</Price>
    <Location>Viana do Castelo</Location>
    <tX>T3</tX>
    <Area>123</Area>
    <ImageURL>https://img4.idealista.pt/blur/480_360_mq/0/id.pro.pt.image.master/92/6e/4f/295035026.jpg</ImageURL>
  </row>
  <row>
    <Title>Moradia independente em Centro Histórico</Title>
    <Price>775.000€</Price>
    <Location>Viana do Castelo e Meadela</Location>
    <tX>T4</tX>
    <Area>235</Area>
    <ImageURL>https://img4.idealista.pt/blur/480_360_mq/0/id.pro.pt.image.master/d8/e0/a9/279432817.jpg</ImageURL>
  </row>
  <row>
    <Title>Apartamento T1 na Rua do Pinheiro Manso</Title>
    <Price>165.390€</Price>
    <Location>s/n, Darque, Viana do Castelo</Location>
    <tX>T1</tX>
    <Area>48</Area>
    <ImageURL>https://img4.idealista.pt/blur/480_360_mq/0/id.pro.pt.image.master/88/c0/f2/280565750.jpg</ImageURL>
  </row>
  <row>
    <Title>Moradia em Lanheses</Title>
    <Price>375.000€</Price>
    <Location>Viana do Castelo</Location>
    <tX>T4</tX>
    <Area>250</Area>
    <ImageURL>https://img4.idealista.pt/blur/480_360_mq/0/id.pro.pt.image.master/83/60/77/292240390.jpg</ImageURL>
  </row>
  <row>
    <Title>Moradia em Torre e Vila Mou</Title>
    <Price>410.000€</Price>
    <Location>Viana do Castelo</Location>
    <tX>T3</tX>
    <Area>219</Area>
    <ImageURL>https://img4.idealista.pt/blur/480_360_mq/0/id.pro.pt.image.master/9d/76/01/288655569.jpg</ImageURL>
  </row>
  <row>
    <Title>Moradia independente na Rua do Moinho de Vidro</Title>
    <Price>498.000€</Price>
    <Location>Meadela, Viana do Castelo e Meadela</Location>
    <tX>T5</tX>
    <Area>191</Area>
    <ImageURL>https://img4.idealista.pt/blur/480_360_mq/0/id.pro.pt.image.master/c0/40/1e/297758636.jpg</ImageURL>
  </row>
  <row>
    <Title>Apartamento T3 em Centro Histórico</Title>
    <Price>1.200.000€</Price>
    <Location>Viana do Castelo e Meadela</Location>
    <tX>T3</tX>
    <Area>171</Area>
    <ImageURL>https://img4.idealista.pt/blur/480_360_mq/0/id.pro.pt.image.master/ca/7e/30/298189435.jpg</ImageURL>
  </row>
  <row>
    <Title>Moradia independente na Rua da Malhadeira</Title>
    <Price>550.000€</Price>
    <Location>Carreço, Viana do Castelo</Location>
    <tX>T4</tX>
    <Area>300</Area>
    <ImageURL>https://img4.idealista.pt/blur/480_360_mq/0/id.pro.pt.image.master/c7/e1/40/284377365.jpg</ImageURL>
  </row>
  <row>
    <Title>Moradia independente na Rua Manuel Espregueira</Title>
    <Price>590.000€</Price>
    <Location>Centro Histórico, Viana do Castelo e Meadela</Location>
    <tX>T3</tX>
    <Area>177</Area>
    <ImageURL>https://img4.idealista.pt/blur/480_360_mq/0/id.pro.pt.image.master/88/0a/7c/284375945.jpg</ImageURL>
  </row>
  <row>
    <Title>Moradia geminada em Areosa</Title>
    <Price>346.800€</Price>
    <Location>Viana do Castelo</Location>
    <tX>T3</tX>
    <Area>141</Area>
    <ImageURL>https://img4.idealista.pt/blur/480_360_mq/0/id.pro.pt.image.master/60/e6/5d/292055009.jpg</ImageURL>
  </row>
  <row>
    <Title>Andar de moradia em Barroselas e Carvoeiro</Title>
    <Price>256.000€</Price>
    <Location>Viana do Castelo</Location>
    <tX>T3</tX>
    <Area>103</Area>
    <ImageURL>https://img4.idealista.pt/blur/480_360_mq/0/id.pro.pt.image.master/a3/26/2e/290867827.jpg</ImageURL>
  </row>
  <row>
    <Title>Apartamento T4 em Darque</Title>
    <Price>385.000€</Price>
    <Location>Viana do Castelo</Location>
    <tX>T4</tX>
    <Area>219</Area>
    <ImageURL>https://img4.idealista.pt/blur/480_360_mq/0/id.pro.pt.image.master/21/cb/8b/297877511.jpg</ImageURL>
  </row>
  <row>
    <Title>Apartamento T1 em Darque</Title>
    <Price>235.000€</Price>
    <Location>Viana do Castelo</Location>
    <tX>T1</tX>
    <Area>234</Area>
    <ImageURL>https://img4.idealista.pt/blur/480_360_mq/0/id.pro.pt.image.master/dc/8c/c7/294885167.jpg</ImageURL>
  </row>
  <row>
    <Title>Moradia independente em Castelo do Neiva</Title>
    <Price>340.000€</Price>
    <Location>Viana do Castelo</Location>
    <tX>T4</tX>
    <Area>255</Area>
    <ImageURL>https://img4.idealista.pt/blur/480_360_mq/0/id.pro.pt.image.master/fa/a2/c1/291334248.jpg</ImageURL>
  </row>
  <row>
    <Title>Moradia independente em Mazarefes e Vila Fria</Title>
    <Price>430.000€</Price>
    <Location>Viana do Castelo</Location>
    <tX>T4</tX>
    <Area>309</Area>
    <ImageURL>https://img4.idealista.pt/blur/480_360_mq/0/id.pro.pt.image.master/34/20/c4/295592934.jpg</ImageURL>
  </row>
  <row>
    <Title>Moradia independente em Vila Nova de Anha</Title>
    <Price>195.000€</Price>
    <Location>Viana do Castelo</Location>
    <tX>T3</tX>
    <Area>125</Area>
    <ImageURL>https://img4.idealista.pt/blur/480_360_mq/0/id.pro.pt.image.master/e8/33/4f/298474584.jpg</ImageURL>
  </row>
  <row>
    <Title>Apartamento T3 em Chafé</Title>
    <Price>215.000€</Price>
    <Location>Viana do Castelo</Location>
    <tX>T3</tX>
    <Area>110</Area>
    <ImageURL>https://img4.idealista.pt/blur/480_360_mq/0/id.pro.pt.image.master/de/91/1a/297110889.jpg</ImageURL>
  </row>
  <row>
    <Title>Moradia independente em Vila Nova de Anha</Title>
    <Price>195.000€</Price>
    <Location>Viana do Castelo</Location>
    <tX>T3</tX>
    <Area>125</Area>
    <ImageURL>https://img4.idealista.pt/blur/480_360_mq/0/id.pro.pt.image.master/e8/33/4f/298474584.jpg</ImageURL>
  </row>
  <row>
    <Title>Moradia independente em Afife</Title>
    <Price>430.000€</Price>
    <Location>Viana do Castelo</Location>
    <tX>T8</tX>
    <Area>503</Area>
    <ImageURL>https://img4.idealista.pt/blur/480_360_mq/0/id.pro.pt.image.master/f5/4a/90/291052620.jpg</ImageURL>
  </row>
  <row>
    <Title>Moradia independente em Vila Nova de Anha</Title>
    <Price>69.000€</Price>
    <Location>Viana do Castelo</Location>
    <tX>T3</tX>
    <Area>67</Area>
    <ImageURL>https://img4.idealista.pt/blur/480_360_mq/0/id.pro.pt.image.master/0a/e9/0a/281055357.jpg</ImageURL>
  </row>
  <row>
    <Title>Moradia independente em Centro Histórico</Title>
    <Price>595.000€</Price>
    <Location>Viana do Castelo e Meadela</Location>
    <tX>T3</tX>
    <Area>155</Area>
    <ImageURL>https://img4.idealista.pt/blur/480_360_mq/0/id.pro.pt.image.master/71/ce/c5/281060935.jpg</ImageURL>
  </row>
  <row>
    <Title>Moradia em Chafé</Title>
    <Price>295.000€</Price>
    <Location>Viana do Castelo</Location>
    <tX>T4</tX>
    <Area>270</Area>
    <ImageURL>https://img4.idealista.pt/blur/480_360_mq/0/id.pro.pt.image.master/6b/df/b5/258453609.jpg</ImageURL>
  </row>
  <row>
    <Title>Apartamento T1 em Areosa</Title>
    <Price>90.000€</Price>
    <Location>Viana do Castelo</Location>
    <tX>T1</tX>
    <Area>44</Area>
    <ImageURL>https://img4.idealista.pt/blur/480_360_mq/0/id.pro.pt.image.master/15/6a/ea/281054001.jpg</ImageURL>
  </row>
  <row>
    <Title>Moradia independente na Rua de Val Verde</Title>
    <Price>369.000€</Price>
    <Location>Santa Maria Maior, Viana do Castelo e Meadela</Location>
    <tX>T2</tX>
    <Area>120</Area>
    <ImageURL>https://img4.idealista.pt/blur/480_360_mq/0/id.pro.pt.image.master/76/db/13/293946569.jpg</ImageURL>
  </row>
  <row>
    <Title>Apartamento T2 em Centro Histórico</Title>
    <Price>315.000€</Price>
    <Location>Viana do Castelo e Meadela</Location>
    <tX>T2</tX>
    <Area>67</Area>
    <ImageURL>https://img4.idealista.pt/blur/480_360_mq/0/id.pro.pt.image.master/90/6a/6e/254984411.jpg</ImageURL>
  </row>
  <row>
    <Title>Moradia em Vila de Punhe</Title>
    <Price>890.000€</Price>
    <Location>Viana do Castelo</Location>
    <tX>T8</tX>
    <Area>970</Area>
    <ImageURL>https://img4.idealista.pt/blur/480_360_mq/0/id.pro.pt.image.master/00/21/9e/292889917.jpg</ImageURL>
  </row>
  <row>
    <Title>Moradia em Meadela</Title>
    <Price>685.000€</Price>
    <Location>Viana do Castelo e Meadela</Location>
    <tX>T3</tX>
    <Area>122</Area>
    <ImageURL>https://img4.idealista.pt/blur/480_360_mq/0/id.pro.pt.image.master/f4/ba/74/227711726.jpg</ImageURL>
  </row>
  <row>
    <Title>Apartamento T3 em Darque</Title>
    <Price>190.000€</Price>
    <Location>Viana do Castelo</Location>
    <tX>T3</tX>
    <Area>124</Area>
    <ImageURL>https://img4.idealista.pt/blur/480_360_mq/0/id.pro.pt.image.master/74/9f/72/293830932.jpg</ImageURL>
  </row>
  <row>
    <Title>Moradia em Carreço</Title>
    <Price>680.000€</Price>
    <Location>Viana do Castelo</Location>
    <tX>T5</tX>
    <Area>154</Area>
    <ImageURL>https://img4.idealista.pt/blur/480_360_mq/0/id.pro.pt.image.master/97/93/1a/240783434.jpg</ImageURL>
  </row>
  <row>
    <Title>Moradia independente na Estrada das Cavadas</Title>
    <Price>375.000€</Price>
    <Location>São Paio Arcos Valdevez, Arcos de Valdevez</Location>
    <tX>T3</tX>
    <Area>373</Area>
    <ImageURL>https://img4.idealista.pt/blur/480_360_mq/0/id.pro.pt.image.master/97/f7/e4/297678069.jpg</ImageURL>
  </row>
  <row>
    <Title>Apartamento T3 na Avenida Santana</Title>
    <Price>265.000€</Price>
    <Location>Moledo e Cristelo, Caminha</Location>
    <tX>T3</tX>
    <Area>112</Area>
    <ImageURL>https://img4.idealista.pt/blur/480_360_mq/0/id.pro.pt.image.master/5e/2e/b4/296524056.jpg</ImageURL>
  </row>
  <row>
    <Title>Moradia independente</Title>
    <Price>420.000€</Price>
    <Location>Acesso Particular, Vila Praia de Âncora, Caminha</Location>
    <tX>T4</tX>
    <Area>375</Area>
    <ImageURL>https://img4.idealista.pt/blur/480_360_mq/0/id.pro.pt.image.master/96/5b/8b/296364537.jpg</ImageURL>
  </row>
  <row>
    <Title>Moradia independente na Rua Barão de São Roque</Title>
    <Price>280.000€</Price>
    <Location>Caminha e Vilarelho, Caminha</Location>
    <tX>T2</tX>
    <Area>93</Area>
    <ImageURL>https://img4.idealista.pt/blur/480_360_mq/0/id.pro.pt.image.master/c3/8e/02/297020752.jpg</ImageURL>
  </row>
  <row>
    <Title>Moradia independente na Rua dos Poços</Title>
    <Price>679.000€</Price>
    <Location>334, Moledo e Cristelo, Caminha</Location>
    <tX>T4</tX>
    <Area>199</Area>
    <ImageURL>https://img4.idealista.pt/blur/480_360_mq/0/id.pro.pt.image.master/52/75/88/293382928.jpg</ImageURL>
  </row>
  <row>
    <Title>Moradia independente na Rua das Andoreiras</Title>
    <Price>950.000€</Price>
    <Location>Moledo e Cristelo, Caminha</Location>
    <tX>T4</tX>
    <Area>355</Area>
    <ImageURL>https://img4.idealista.pt/blur/480_360_mq/0/id.pro.pt.image.master/cc/fa/ab/284377548.jpg</ImageURL>
  </row>
  <row>
    <Title>Moradia independente na Rua do Salgueiral</Title>
    <Price>490.000€</Price>
    <Location>Covas, Vila Nova de Cerveira</Location>
    <tX>T4</tX>
    <Area>443</Area>
    <ImageURL>https://img4.idealista.pt/blur/480_360_mq/0/id.pro.pt.image.master/d6/1e/b3/296750996.jpg</ImageURL>
  </row>
  <row>
    <Title>Apartamento T2 em Vila Praia de Âncora</Title>
    <Price>162.500€</Price>
    <Location>Caminha</Location>
    <tX>T2</tX>
    <Area>129</Area>
    <ImageURL>https://img4.idealista.pt/blur/480_360_mq/0/id.pro.pt.image.master/d2/86/bc/276163580.jpg</ImageURL>
  </row>
  <row>
    <Title>Apartamento T2 em Vila Praia de Âncora</Title>
    <Price>179.000€</Price>
    <Location>Caminha</Location>
    <tX>T2</tX>
    <Area>103</Area>
    <ImageURL>https://img4.idealista.pt/blur/480_360_mq/0/id.pro.pt.image.master/05/24/a4/296669640.jpg</ImageURL>
  </row>
  <row>
    <Title>Moradia independente em Lavradas</Title>
    <Price>1.500.000€</Price>
    <Location>Ponte da Barca</Location>
    <tX>T5</tX>
    <Area>708</Area>
    <ImageURL>https://img4.idealista.pt/blur/480_360_mq/0/id.pro.pt.image.master/3a/26/2d/280555649.jpg</ImageURL>
  </row>
  <row>
    <Title>Apartamento T3 em Darque</Title>
    <Price>280.000€</Price>
    <Location>Viana do Castelo</Location>
    <tX>T3</tX>
    <Area>124</Area>
    <ImageURL>https://img4.idealista.pt/blur/480_360_mq/0/id.pro.pt.image.master/72/10/22/296795437.jpg</ImageURL>
  </row>
  <row>
    <Title>Moradia independente em Sopo</Title>
    <Price>650.000€</Price>
    <Location>Vila Nova de Cerveira</Location>
    <tX>T3</tX>
    <Area>350</Area>
    <ImageURL>https://img4.idealista.pt/blur/480_360_mq/0/id.pro.pt.image.master/33/b5/85/298527663.jpg</ImageURL>
  </row>
  <row>
    <Title>Quinta em Paçô</Title>
    <Price>490.000€</Price>
    <Location>Arcos de Valdevez</Location>
    <tX>T6</tX>
    <Area>532</Area>
    <ImageURL>https://img4.idealista.pt/blur/480_360_mq/0/id.pro.pt.image.master/7c/dd/e2/285450420.jpg</ImageURL>
  </row>
  <row>
    <Title>Moradia independente em Parada</Title>
    <Price>900.000€</Price>
    <Location>Arcos de Valdevez</Location>
    <tX>T3</tX>
    <Area>452</Area>
    <ImageURL>https://img4.idealista.pt/blur/480_360_mq/0/id.pro.pt.image.master/04/88/4b/296848511.jpg</ImageURL>
  </row>
  <row>
    <Title>Moradia independente em Cerdal</Title>
    <Price>575.000€</Price>
    <Location>Valença</Location>
    <tX>T8</tX>
    <Area>924</Area>
    <ImageURL>https://img4.idealista.pt/blur/480_360_mq/0/id.pro.pt.image.master/04/65/a0/289797787.jpg</ImageURL>
  </row>
  <row>
    <Title>Quinta em Moledo e Cristelo</Title>
    <Price>1.650.000€</Price>
    <Location>Caminha</Location>
    <tX>T9</tX>
    <Area>890</Area>
    <ImageURL>https://img4.idealista.pt/blur/480_360_mq/0/id.pro.pt.image.master/76/2a/ce/291109219.jpg</ImageURL>
  </row>
  <row>
    <Title>Moradia independente em Caminha e Vilarelho</Title>
    <Price>480.000€</Price>
    <Location>Caminha</Location>
    <tX>T5</tX>
    <Area>352</Area>
    <ImageURL>https://img4.idealista.pt/blur/480_360_mq/0/id.pro.pt.image.master/a6/6b/61/295738002.jpg</ImageURL>
  </row>
  <row>
    <Title>Moradia independente em Geraz do Lima e Deão</Title>
    <Price>372.000€</Price>
    <Location>Viana do Castelo</Location>
    <tX>T3</tX>
    <Area>157</Area>
    <ImageURL>https://img4.idealista.pt/blur/480_360_mq/0/id.pro.pt.image.master/c6/35/c6/289717253.jpg</ImageURL>
  </row>
  <row>
    <Title>Quinta em Vila Franca</Title>
    <Price>950.000€</Price>
    <Location>Viana do Castelo</Location>
    <tX>T9</tX>
    <Area>746</Area>
    <ImageURL>https://img4.idealista.pt/blur/480_360_mq/0/id.pro.pt.image.master/ca/d7/4a/258181068.jpg</ImageURL>
  </row>
  <row>
    <Title>Apartamento T2 em Chafé</Title>
    <Price>210.000€</Price>
    <Location>Viana do Castelo</Location>
    <tX>T2</tX>
    <Area>108</Area>
    <ImageURL>https://img4.idealista.pt/blur/480_360_mq/0/id.pro.pt.image.master/6f/ba/93/295215107.jpg</ImageURL>
  </row>
  <row>
    <Title>Moradia independente em Cardielos e Serreleis</Title>
    <Price>266.500€</Price>
    <Location>Viana do Castelo</Location>
    <tX>T3</tX>
    <Area>241</Area>
    <ImageURL>https://img4.idealista.pt/blur/480_360_mq/0/id.pro.pt.image.master/76/79/08/280594312.jpg</ImageURL>
  </row>
  <row>
    <Title>Quinta em Cardielos e Serreleis</Title>
    <Price>875.000€</Price>
    <Location>Viana do Castelo</Location>
    <tX>T4</tX>
    <Area>1</Area>
    <ImageURL>https://img4.idealista.pt/blur/480_360_mq/0/id.pro.pt.image.master/b7/0e/4f/281056206.jpg</ImageURL>
  </row>
  <row>
    <Title>Moradia independente em Cristoval</Title>
    <Price>998.000€</Price>
    <Location>Melgaço</Location>
    <tX>T5</tX>
    <Area>468</Area>
    <ImageURL>https://img4.idealista.pt/blur/480_360_mq/0/id.pro.pt.image.master/df/ae/3b/287399612.jpg</ImageURL>
  </row>
  <row>
    <Title>Moradia independente em Castro Laboreiro</Title>
    <Price>89.500€</Price>
    <Location>Melgaço</Location>
    <tX>T4</tX>
    <Area>306</Area>
    <ImageURL>https://img4.idealista.pt/blur/480_360_mq/0/id.pro.pt.image.master/b9/ac/b5/267678966.jpg</ImageURL>
  </row>
  <row>
    <Title>Moradia independente em Mentrestido</Title>
    <Price>320.000€</Price>
    <Location>Vila Nova de Cerveira</Location>
    <tX>T7</tX>
    <Area>432</Area>
    <ImageURL>https://img4.idealista.pt/blur/480_360_mq/0/id.pro.pt.image.master/78/a4/50/286353422.jpg</ImageURL>
  </row>
  <row>
    <Title>Moradia independente em Vila Praia de Âncora</Title>
    <Price>420.000€</Price>
    <Location>Caminha</Location>
    <tX>T4</tX>
    <Area>120</Area>
    <ImageURL>https://img4.idealista.pt/blur/480_360_mq/0/id.pro.pt.image.master/c0/2b/bf/288604766.jpg</ImageURL>
  </row>
  <row>
    <Title>Apartamento T2 em Centro Histórico</Title>
    <Price>280.000€</Price>
    <Location>Viana do Castelo e Meadela</Location>
    <tX>T2</tX>
    <Area>81</Area>
    <ImageURL>https://img4.idealista.pt/blur/480_360_mq/0/id.pro.pt.image.master/c0/e5/6c/281055185.jpg</ImageURL>
  </row>
  <row>
    <Title>Moradia independente em Cardielos e Serreleis</Title>
    <Price>300.000€</Price>
    <Location>Viana do Castelo</Location>
    <tX>T3</tX>
    <Area>333</Area>
    <ImageURL>https://img4.idealista.pt/blur/480_360_mq/0/id.pro.pt.image.master/4d/b3/3e/295832881.jpg</ImageURL>
  </row>
  <row>
    <Title>Quinta na Rua das Costureiras</Title>
    <Price>785.000€</Price>
    <Location>Barroselas e Carvoeiro, Viana do Castelo</Location>
    <tX>T5</tX>
    <Area>357</Area>
    <ImageURL>https://img4.idealista.pt/blur/480_360_mq/0/id.pro.pt.image.master/0e/83/f3/284689768.jpg</ImageURL>
  </row>
  <row>
    <Title>Moradia independente na Rua Souto de Abade</Title>
    <Price>545.000€</Price>
    <Location>66, Mazarefes e Vila Fria, Viana do Castelo</Location>
    <tX>T3</tX>
    <Area>389</Area>
    <ImageURL>https://img4.idealista.pt/blur/480_360_mq/0/id.pro.pt.image.master/64/18/6f/293278710.jpg</ImageURL>
  </row>
  <row>
    <Title>Moradia independente na Rua da Bouça-Velha</Title>
    <Price>1.950.000€</Price>
    <Location>Mentrestido, Vila Nova de Cerveira</Location>
    <tX>T6</tX>
    <Area>501</Area>
    <ImageURL>https://img4.idealista.pt/blur/480_360_mq/0/id.pro.pt.image.master/91/de/6f/284375628.jpg</ImageURL>
  </row>
  <row>
    <Title>Moradia independente na Rua 117</Title>
    <Price>450.000€</Price>
    <Location>74, Castelo do Neiva, Viana do Castelo</Location>
    <tX>T3</tX>
    <Area>344</Area>
    <ImageURL>https://img4.idealista.pt/blur/480_360_mq/0/id.pro.pt.image.master/ff/55/b6/298430925.jpg</ImageURL>
  </row>
  <row>
    <Title>Moradia independente em Oliveira</Title>
    <Price>599.000€</Price>
    <Location>Arcos de Valdevez</Location>
    <tX>T4</tX>
    <Area>474</Area>
    <ImageURL>https://img4.idealista.pt/blur/480_360_mq/0/id.pro.pt.image.master/f0/7f/93/288129356.jpg</ImageURL>
  </row>
  <row>
    <Title>Moradia independente na Rua da Caravana</Title>
    <Price>269.000€</Price>
    <Location>s/n, Cabração e Moreira do Lima, Ponte de Lima</Location>
    <tX>T3</tX>
    <Area>140</Area>
    <ImageURL>https://img4.idealista.pt/blur/480_360_mq/0/id.pro.pt.image.master/42/96/f5/281620604.jpg</ImageURL>
  </row>
  <row>
    <Title>Moradia independente na Rua da Seara</Title>
    <Price>360.000€</Price>
    <Location>8, Seixas, Caminha</Location>
    <tX>T3</tX>
    <Area>404</Area>
    <ImageURL>https://img4.idealista.pt/blur/480_360_mq/0/id.pro.pt.image.master/d9/ae/06/287905524.jpg</ImageURL>
  </row>
  <row>
    <Title>Apartamento T2 na Avenida dos Combatentes da Grande Guerra</Title>
    <Price>220.000€</Price>
    <Location>296, Centro Histórico, Viana do Castelo e Meadela</Location>
    <tX>T2</tX>
    <Area>49</Area>
    <ImageURL>https://img4.idealista.pt/blur/480_360_mq/0/id.pro.pt.image.master/e7/11/7c/298555568.jpg</ImageURL>
  </row>
  <row>
    <Title>Moradia independente na Rua Doutor Francisco Sá Carneiro</Title>
    <Price>460.000€</Price>
    <Location>Arca e Ponte de Lima, Ponte de Lima</Location>
    <tX>T4</tX>
    <Area>156</Area>
    <ImageURL>https://img4.idealista.pt/blur/480_360_mq/0/id.pro.pt.image.master/4c/80/df/292578944.jpg</ImageURL>
  </row>
  <row>
    <Title>Moradia independente na Rua da Deveza do Vale</Title>
    <Price>490.000€</Price>
    <Location>Fontão, Ponte de Lima</Location>
    <tX>T4</tX>
    <Area>528</Area>
    <ImageURL>https://img4.idealista.pt/blur/480_360_mq/0/id.pro.pt.image.master/ff/75/6c/235581234.jpg</ImageURL>
  </row>
  <row>
    <Title>Moradia em banda na Rua da Argaçosa</Title>
    <Price>680.000€</Price>
    <Location>Meadela, Viana do Castelo e Meadela</Location>
    <tX>T3</tX>
    <Area>399</Area>
    <ImageURL>https://img4.idealista.pt/blur/480_360_mq/0/id.pro.pt.image.master/56/4b/b9/293482153.jpg</ImageURL>
  </row>
  <row>
    <Title>Moradia independente na Rua dos Pousados</Title>
    <Price>285.000€</Price>
    <Location>Nogueira - Meixedo - Vilar de Murteda, Viana do Castelo</Location>
    <tX>T3</tX>
    <Area>105</Area>
    <ImageURL>https://img4.idealista.pt/blur/480_360_mq/0/id.pro.pt.image.master/f1/72/41/292530470.jpg</ImageURL>
  </row>
  <row>
    <Title>Apartamento T1 na Rua Pedro Homem de Melo</Title>
    <Price>275.000€</Price>
    <Location>Centro Histórico, Viana do Castelo e Meadela</Location>
    <tX>T1</tX>
    <Area>58</Area>
    <ImageURL>https://img4.idealista.pt/blur/480_360_mq/0/id.pro.pt.image.master/12/90/4a/294501149.jpg</ImageURL>
  </row>
  <row>
    <Title>Apartamento T3 na Avenida do Colégio Português</Title>
    <Price>180.000€</Price>
    <Location>Valença - Cristelo Covo - Arão, Valença</Location>
    <tX>T3</tX>
    <Area>107</Area>
    <ImageURL>https://img4.idealista.pt/blur/480_360_mq/0/id.pro.pt.image.master/d5/94/b3/290047276.jpg</ImageURL>
  </row>
  <row>
    <Title>Moradia independente em Venade e Azevedo</Title>
    <Price>1.975.000€</Price>
    <Location>Caminha</Location>
    <tX>T6</tX>
    <Area>390</Area>
    <ImageURL>https://img4.idealista.pt/blur/480_360_mq/0/id.pro.pt.image.master/bd/eb/88/289311765.jpg</ImageURL>
  </row>
  <row>
    <Title>Apartamento T3 na Rua da Boavista</Title>
    <Price>249.500€</Price>
    <Location>Parada, Arcos de Valdevez</Location>
    <tX>T3</tX>
    <Area>197</Area>
    <ImageURL>https://img4.idealista.pt/blur/480_360_mq/0/id.pro.pt.image.master/52/81/ae/294251001.jpg</ImageURL>
  </row>
  <row>
    <Title>Moradia em Nogueira - Meixedo - Vilar de Murteda</Title>
    <Price>229.750€</Price>
    <Location>Viana do Castelo</Location>
    <tX>T2</tX>
    <Area>65</Area>
    <ImageURL>https://img4.idealista.pt/blur/480_360_mq/0/id.pro.pt.image.master/a3/66/c8/291365639.jpg</ImageURL>
  </row>
  <row>
    <Title>Apartamento T4 na Travessa 31 de Janeiro</Title>
    <Price>225.000€</Price>
    <Location>59, Vila Praia de Âncora, Caminha</Location>
    <tX>T4</tX>
    <Area>180</Area>
    <ImageURL>https://img4.idealista.pt/blur/480_360_mq/0/id.pro.pt.image.master/ec/ff/18/288964538.jpg</ImageURL>
  </row>
  <row>
    <Title>Quinta em Correlhã</Title>
    <Price>1.150.000€</Price>
    <Location>Ponte de Lima</Location>
    <tX>T6</tX>
    <Area>1</Area>
    <ImageURL>https://img4.idealista.pt/blur/480_360_mq/0/id.pro.pt.image.master/16/52/3f/284460656.jpg</ImageURL>
  </row>
  <row>
    <Title>Moradia independente em Monserrate</Title>
    <Price>876.900€</Price>
    <Location>Viana do Castelo e Meadela</Location>
    <tX>T4</tX>
    <Area>442</Area>
    <ImageURL>https://img4.idealista.pt/blur/480_360_mq/0/id.pro.pt.image.master/b7/d6/14/284186777.jpg</ImageURL>
  </row>
  <row>
    <Title>Apartamento T0 no Largo Amadeu Costa</Title>
    <Price>175.000€</Price>
    <Location>6, Centro Histórico, Viana do Castelo e Meadela</Location>
    <tX>T0</tX>
    <Area>28</Area>
    <ImageURL>https://img4.idealista.pt/blur/480_360_mq/0/id.pro.pt.image.master/3d/34/5c/295119608.jpg</ImageURL>
  </row>
  <row>
    <Title>Apartamento T0 no Largo Amadeu Costa</Title>
    <Price>195.000€</Price>
    <Location>6, Centro Histórico, Viana do Castelo e Meadela</Location>
    <tX>T0</tX>
    <Area>37</Area>
    <ImageURL>https://img4.idealista.pt/blur/480_360_mq/0/id.pro.pt.image.master/a2/af/df/295119496.jpg</ImageURL>
  </row>
  <row>
    <Title>Apartamento T0 no Largo Amadeu Costa</Title>
    <Price>190.000€</Price>
    <Location>6, Centro Histórico, Viana do Castelo e Meadela</Location>
    <tX>T0</tX>
    <Area>34</Area>
    <ImageURL>https://img4.idealista.pt/blur/480_360_mq/0/id.pro.pt.image.master/62/4c/3c/295119613.jpg</ImageURL>
  </row>
  <row>
    <Title>Moradia independente</Title>
    <Price>175.000€</Price>
    <Location>Lugar do Cruzeiro, 4980-755, Touvedo, Touvedo (São Lourenço), Ponte da Barca</Location>
    <tX>T3</tX>
    <Area>225</Area>
    <ImageURL>https://img4.idealista.pt/blur/480_360_mq/0/id.pro.pt.image.master/3c/d3/4d/298481916.jpg</ImageURL>
  </row>
  <row>
    <Title>Moradia independente</Title>
    <Price>389.000€</Price>
    <Location>Cm1346, Vila Chã (São João Batista), Ponte da Barca</Location>
    <tX>T3</tX>
    <Area>409</Area>
    <ImageURL>https://img4.idealista.pt/blur/480_360_mq/0/id.pro.pt.image.master/38/54/98/298437997.jpg</ImageURL>
  </row>
  <row>
    <Title>Apartamento T1 em Chafé</Title>
    <Price>190.000€</Price>
    <Location>Viana do Castelo</Location>
    <tX>T1</tX>
    <Area>39</Area>
    <ImageURL>https://img4.idealista.pt/blur/480_360_mq/0/id.pro.pt.image.master/f5/cb/dc/298097053.jpg</ImageURL>
  </row>
  <row>
    <Title>Moradia independente na Rua da Caravana</Title>
    <Price>430.000€</Price>
    <Location>2, Cabração e Moreira do Lima, Ponte de Lima</Location>
    <tX>T4</tX>
    <Area>284</Area>
    <ImageURL>https://img4.idealista.pt/blur/480_360_mq/0/id.pro.pt.image.master/b8/90/bd/296642185.jpg</ImageURL>
  </row>
  <row>
    <Title>Moradia em banda na Rua Diogo Alves o Caramuru</Title>
    <Price>650.000€</Price>
    <Location>s/n, Darque, Viana do Castelo</Location>
    <tX>T3</tX>
    <Area>272</Area>
    <ImageURL>https://img4.idealista.pt/blur/480_360_mq/0/id.pro.pt.image.master/64/29/05/255734327.jpg</ImageURL>
  </row>
  <row>
    <Title>Quinta na Rua de Massinos</Title>
    <Price>600.000€</Price>
    <Location>s/n, Barroselas e Carvoeiro, Viana do Castelo</Location>
    <tX>T4</tX>
    <Area>138</Area>
    <ImageURL>https://img4.idealista.pt/blur/480_360_mq/0/id.pro.pt.image.master/bd/21/e6/291098987.jpg</ImageURL>
  </row>
  <row>
    <Title>Moradia independente na Rua da Caravana</Title>
    <Price>430.000€</Price>
    <Location>s/n, Cabração e Moreira do Lima, Ponte de Lima</Location>
    <tX>T4</tX>
    <Area>285</Area>
    <ImageURL>https://img4.idealista.pt/blur/480_360_mq/0/id.pro.pt.image.master/4e/bc/f8/290697620.jpg</ImageURL>
  </row>
  <row>
    <Title>Moradia independente</Title>
    <Price>350.000€</Price>
    <Location>N308, 1875, Ardegão - Freixo - Mato, Ponte de Lima</Location>
    <tX>T5</tX>
    <Area>377</Area>
    <ImageURL>https://img4.idealista.pt/blur/480_360_mq/0/id.pro.pt.image.master/4f/c5/94/290603238.jpg</ImageURL>
  </row>
  <row>
    <Title>Duplex na Rua Conde de Bertiandos</Title>
    <Price>350.000€</Price>
    <Location>317, Arca e Ponte de Lima, Ponte de Lima</Location>
    <tX>T3</tX>
    <Area>176</Area>
    <ImageURL>https://img4.idealista.pt/blur/480_360_mq/0/id.pro.pt.image.master/ca/10/a1/279687688.jpg</ImageURL>
  </row>
  <row>
    <Title>Apartamento T3</Title>
    <Price>225.000€</Price>
    <Location>Quinta da Pedra, 4, Vade (São Tomé), Ponte da Barca</Location>
    <tX>T3</tX>
    <Area>150</Area>
    <ImageURL>https://img4.idealista.pt/blur/480_360_mq/0/id.pro.pt.image.master/0b/ce/72/272829437.jpg</ImageURL>
  </row>
  <row>
    <Title>Moradia independente na Rua da Caravana</Title>
    <Price>430.000€</Price>
    <Location>s/n, Cabração e Moreira do Lima, Ponte de Lima</Location>
    <tX>T4</tX>
    <Area>284</Area>
    <ImageURL>https://img4.idealista.pt/blur/480_360_mq/0/id.pro.pt.image.master/e1/7c/dc/294319487.jpg</ImageURL>
  </row>
  <row>
    <Title>Apartamento T2 na Rua Conde de Bertiandos</Title>
    <Price>275.000€</Price>
    <Location>317, Arca e Ponte de Lima, Ponte de Lima</Location>
    <tX>T2</tX>
    <Area>174</Area>
    <ImageURL>https://img4.idealista.pt/blur/480_360_mq/0/id.pro.pt.image.master/ca/10/a1/279687688.jpg</ImageURL>
  </row>
  <row>
    <Title>Moradia independente na Rua da Capela de São Sebastião</Title>
    <Price>420.000€</Price>
    <Location>s/n, Cabração e Moreira do Lima, Ponte de Lima</Location>
    <tX>T4</tX>
    <Area>450</Area>
    <ImageURL>https://img4.idealista.pt/blur/480_360_mq/0/id.pro.pt.image.master/5c/65/c3/291815835.jpg</ImageURL>
  </row>
  <row>
    <Title>Apartamento T3</Title>
    <Price>220.000€</Price>
    <Location>Quinta da Pedra, 4, Vade (São Tomé), Ponte da Barca</Location>
    <tX>T3</tX>
    <Area>150</Area>
    <ImageURL>https://img4.idealista.pt/blur/480_360_mq/0/id.pro.pt.image.master/45/e4/91/272829447.jpg</ImageURL>
  </row>
  <row>
    <Title>Apartamento T3</Title>
    <Price>225.000€</Price>
    <Location>Quinta da Pedra, 4, Vade (São Tomé), Ponte da Barca</Location>
    <tX>T3</tX>
    <Area>150</Area>
    <ImageURL>https://img4.idealista.pt/blur/480_360_mq/0/id.pro.pt.image.master/e7/61/42/272829414.jpg</ImageURL>
  </row>
  <row>
    <Title>Apartamento T2 na Rua Conde de Bertiandos</Title>
    <Price>270.000€</Price>
    <Location>317, Arca e Ponte de Lima, Ponte de Lima</Location>
    <tX>T2</tX>
    <Area>177</Area>
    <ImageURL>https://img4.idealista.pt/blur/480_360_mq/0/id.pro.pt.image.master/ca/10/a1/279687688.jpg</ImageURL>
  </row>
  <row>
    <Title>Moradia independente na Rua de São Pedro de Rates</Title>
    <Price>780.000€</Price>
    <Location>195, Vila Nova de Cerveira</Location>
    <tX>T5</tX>
    <Area>499</Area>
    <ImageURL>https://img4.idealista.pt/blur/480_360_mq/0/id.pro.pt.image.master/7e/e2/c9/291553960.jpg</ImageURL>
  </row>
  <row>
    <Title>Apartamento T2 em Chafé</Title>
    <Price>245.000€</Price>
    <Location>Viana do Castelo</Location>
    <tX>T2</tX>
    <Area>81</Area>
    <ImageURL>https://img4.idealista.pt/blur/480_360_mq/0/id.pro.pt.image.master/84/bc/7f/298097063.jpg</ImageURL>
  </row>
  <row>
    <Title>Moradia em Subportela - Deocriste - Portela Susã</Title>
    <Price>385.000€</Price>
    <Location>Viana do Castelo</Location>
    <tX>T1</tX>
    <Area>208</Area>
    <ImageURL>https://img4.idealista.pt/blur/480_360_mq/0/id.pro.pt.image.master/ed/f0/c7/290523790.jpg</ImageURL>
  </row>
  <row>
    <Title>Apartamento T3 em Vila Nova de Anha</Title>
    <Price>295.000€</Price>
    <Location>Viana do Castelo</Location>
    <tX>T3</tX>
    <Area>149</Area>
    <ImageURL>https://img4.idealista.pt/blur/480_360_mq/0/id.pro.pt.image.master/fb/4a/80/298354221.jpg</ImageURL>
  </row>
  <row>
    <Title>Apartamento T1 em Vila Nova de Anha</Title>
    <Price>195.000€</Price>
    <Location>Viana do Castelo</Location>
    <tX>T1</tX>
    <Area>71</Area>
    <ImageURL>https://img4.idealista.pt/blur/480_360_mq/0/id.pro.pt.image.master/ed/27/e7/298354185.jpg</ImageURL>
  </row>
  <row>
    <Title>Penthouse na Rua Júlio Envangelista</Title>
    <Price>1.000.000€</Price>
    <Location>s/n, Meadela, Viana do Castelo e Meadela</Location>
    <tX>T3</tX>
    <Area>442</Area>
    <ImageURL>https://img4.idealista.pt/blur/480_360_mq/0/id.pro.pt.image.master/e5/05/52/283915295.jpg</ImageURL>
  </row>
  <row>
    <Title>Penthouse na Rua Júlio Envangelista</Title>
    <Price>895.000€</Price>
    <Location>s/n, Meadela, Viana do Castelo e Meadela</Location>
    <tX>T3</tX>
    <Area>307</Area>
    <ImageURL>https://img4.idealista.pt/blur/480_360_mq/0/id.pro.pt.image.master/81/51/d0/283914454.jpg</ImageURL>
  </row>
  <row>
    <Title>Apartamento T2 em Vila Nova de Anha</Title>
    <Price>285.000€</Price>
    <Location>Viana do Castelo</Location>
    <tX>T2</tX>
    <Area>99</Area>
    <ImageURL>https://img4.idealista.pt/blur/480_360_mq/0/id.pro.pt.image.master/97/86/dc/298354203.jpg</ImageURL>
  </row>
  <row>
    <Title>Apartamento T2 na Rua General Norton de Matos</Title>
    <Price>365.000€</Price>
    <Location>Arca e Ponte de Lima, Ponte de Lima</Location>
    <tX>T2</tX>
    <Area>156</Area>
    <ImageURL>https://img4.idealista.pt/blur/480_360_mq/0/id.pro.pt.image.master/80/7f/4a/290310247.jpg</ImageURL>
  </row>
  <row>
    <Title>Moradia independente na Rua da Boavista</Title>
    <Price>350.000€</Price>
    <Location>Calheiros, Ponte de Lima</Location>
    <tX>T4</tX>
    <Area>294</Area>
    <ImageURL>https://img4.idealista.pt/blur/480_360_mq/0/id.pro.pt.image.master/9a/26/cc/286556977.jpg</ImageURL>
  </row>
</data>
